{
  "Get List of Containers" : {
    "transaction" : "Get List of Containers",
    "sampleCount" : 50,
    "errorCount" : 2,
    "errorPct" : 4.0,
    "meanResTime" : 17967.079999999998,
    "medianResTime" : 12441.0,
    "minResTime" : 436.0,
    "maxResTime" : 65817.0,
    "pct1ResTime" : 48571.6,
    "pct2ResTime" : 60297.35,
    "pct3ResTime" : 65817.0,
    "throughput" : 0.13115717351044798,
    "receivedKBytesPerSec" : 0.34950056577925726,
    "sentKBytesPerSec" : 0.1699638145555608
  },
  "Get List of Department" : {
    "transaction" : "Get List of Department",
    "sampleCount" : 50,
    "errorCount" : 12,
    "errorPct" : 24.0,
    "meanResTime" : 21442.919999999995,
    "medianResTime" : 4452.5,
    "minResTime" : 697.0,
    "maxResTime" : 60887.0,
    "pct1ResTime" : 60217.4,
    "pct2ResTime" : 60359.15,
    "pct3ResTime" : 60887.0,
    "throughput" : 0.14570420298343925,
    "receivedKBytesPerSec" : 1.8213139204338489,
    "sentKBytesPerSec" : 0.1577390286556456
  },
  "Get List of Alert Profiles" : {
    "transaction" : "Get List of Alert Profiles",
    "sampleCount" : 50,
    "errorCount" : 0,
    "errorPct" : 0.0,
    "meanResTime" : 6240.959999999999,
    "medianResTime" : 3475.5,
    "minResTime" : 525.0,
    "maxResTime" : 29480.0,
    "pct1ResTime" : 19487.999999999996,
    "pct2ResTime" : 24833.499999999993,
    "pct3ResTime" : 29480.0,
    "throughput" : 0.13146927431589964,
    "receivedKBytesPerSec" : 0.3759148207284975,
    "sentKBytesPerSec" : 0.15213716863169408
  },
  "Get the List of Alerts" : {
    "transaction" : "Get the List of Alerts",
    "sampleCount" : 50,
    "errorCount" : 0,
    "errorPct" : 0.0,
    "meanResTime" : 19486.91999999999,
    "medianResTime" : 8435.0,
    "minResTime" : 814.0,
    "maxResTime" : 60077.0,
    "pct1ResTime" : 50834.5,
    "pct2ResTime" : 54412.24999999998,
    "pct3ResTime" : 60077.0,
    "throughput" : 0.13130527952267906,
    "receivedKBytesPerSec" : 0.8627577522637031,
    "sentKBytesPerSec" : 0.16989928638863214
  },
  "Get List of Regions" : {
    "transaction" : "Get List of Regions",
    "sampleCount" : 50,
    "errorCount" : 3,
    "errorPct" : 6.0,
    "meanResTime" : 10781.619999999997,
    "medianResTime" : 1174.5,
    "minResTime" : 339.0,
    "maxResTime" : 72643.0,
    "pct1ResTime" : 43629.99999999999,
    "pct2ResTime" : 60299.15,
    "pct3ResTime" : 72643.0,
    "throughput" : 0.13182490488833112,
    "receivedKBytesPerSec" : 0.5198046527929743,
    "sentKBytesPerSec" : 0.1421983920327664
  },
  "Search Rule" : {
    "transaction" : "Search Rule",
    "sampleCount" : 50,
    "errorCount" : 0,
    "errorPct" : 0.0,
    "meanResTime" : 4243.459999999998,
    "medianResTime" : 846.0,
    "minResTime" : 288.0,
    "maxResTime" : 21910.0,
    "pct1ResTime" : 18203.799999999996,
    "pct2ResTime" : 19650.249999999993,
    "pct3ResTime" : 21910.0,
    "throughput" : 0.13420296856966477,
    "receivedKBytesPerSec" : 2.3716836139852915,
    "sentKBytesPerSec" : 0.1433219554379043
  },
  "Get List of Cities" : {
    "transaction" : "Get List of Cities",
    "sampleCount" : 50,
    "errorCount" : 6,
    "errorPct" : 12.0,
    "meanResTime" : 14205.099999999997,
    "medianResTime" : 2874.5,
    "minResTime" : 455.0,
    "maxResTime" : 63545.0,
    "pct1ResTime" : 60163.7,
    "pct2ResTime" : 60273.0,
    "pct3ResTime" : 63545.0,
    "throughput" : 0.13150523522341426,
    "receivedKBytesPerSec" : 0.755543808667773,
    "sentKBytesPerSec" : 0.141596720949836
  },
  "Get the List of Alerts For Map" : {
    "transaction" : "Get the List of Alerts For Map",
    "sampleCount" : 50,
    "errorCount" : 10,
    "errorPct" : 20.0,
    "meanResTime" : 22831.92,
    "medianResTime" : 12879.5,
    "minResTime" : 557.0,
    "maxResTime" : 60423.0,
    "pct1ResTime" : 60168.8,
    "pct2ResTime" : 60380.6,
    "pct3ResTime" : 60423.0,
    "throughput" : 0.13300843805531024,
    "receivedKBytesPerSec" : 0.055073806382276894,
    "sentKBytesPerSec" : 0.17612966975999958
  },
  "Login" : {
    "transaction" : "Login",
    "sampleCount" : 50,
    "errorCount" : 0,
    "errorPct" : 0.0,
    "meanResTime" : 3384.4799999999996,
    "medianResTime" : 2607.5,
    "minResTime" : 860.0,
    "maxResTime" : 18252.0,
    "pct1ResTime" : 4930.099999999999,
    "pct2ResTime" : 5716.049999999995,
    "pct3ResTime" : 18252.0,
    "throughput" : 2.638104785522081,
    "receivedKBytesPerSec" : 4.1065810821505835,
    "sentKBytesPerSec" : 1.0794588917321797
  },
  "Search Users" : {
    "transaction" : "Search Users",
    "sampleCount" : 50,
    "errorCount" : 1,
    "errorPct" : 2.0,
    "meanResTime" : 14045.139999999996,
    "medianResTime" : 1918.5,
    "minResTime" : 777.0,
    "maxResTime" : 60158.0,
    "pct1ResTime" : 47005.2,
    "pct2ResTime" : 56085.1,
    "pct3ResTime" : 60158.0,
    "throughput" : 0.13501653952609194,
    "receivedKBytesPerSec" : 2.4075057592992644,
    "sentKBytesPerSec" : 0.1436633995476946
  },
  "Search Zones for List For Map" : {
    "transaction" : "Search Zones for List For Map",
    "sampleCount" : 50,
    "errorCount" : 1,
    "errorPct" : 2.0,
    "meanResTime" : 47286.380000000005,
    "medianResTime" : 48263.0,
    "minResTime" : 20668.0,
    "maxResTime" : 60167.0,
    "pct1ResTime" : 59351.7,
    "pct2ResTime" : 59803.65,
    "pct3ResTime" : 60167.0,
    "throughput" : 0.13460363268283887,
    "receivedKBytesPerSec" : 0.5616073675971367,
    "sentKBytesPerSec" : 0.14453853752480073
  },
  "Search Devices for List For Map" : {
    "transaction" : "Search Devices for List For Map",
    "sampleCount" : 50,
    "errorCount" : 1,
    "errorPct" : 2.0,
    "meanResTime" : 45941.02,
    "medianResTime" : 46795.5,
    "minResTime" : 9834.0,
    "maxResTime" : 68371.0,
    "pct1ResTime" : 54802.4,
    "pct2ResTime" : 59027.19999999999,
    "pct3ResTime" : 68371.0,
    "throughput" : 0.13196686048199577,
    "receivedKBytesPerSec" : 0.5449999364909485,
    "sentKBytesPerSec" : 0.14170714887577432
  },
  "Get List of Devices" : {
    "transaction" : "Get List of Devices",
    "sampleCount" : 50,
    "errorCount" : 2,
    "errorPct" : 4.0,
    "meanResTime" : 18036.060000000005,
    "medianResTime" : 9068.5,
    "minResTime" : 306.0,
    "maxResTime" : 60270.0,
    "pct1ResTime" : 49853.1,
    "pct2ResTime" : 58447.349999999984,
    "pct3ResTime" : 60270.0,
    "throughput" : 0.13444221270371357,
    "receivedKBytesPerSec" : 0.47973025262363983,
    "sentKBytesPerSec" : 0.16647464537505344
  },
  "randomPageSize" : {
    "transaction" : "randomPageSize",
    "sampleCount" : 50,
    "errorCount" : 0,
    "errorPct" : 0.0,
    "meanResTime" : 0.49999999999999994,
    "medianResTime" : 0.0,
    "minResTime" : 0.0,
    "maxResTime" : 9.0,
    "pct1ResTime" : 1.0,
    "pct2ResTime" : 1.0,
    "pct3ResTime" : 9.0,
    "throughput" : 2.772387025228722,
    "receivedKBytesPerSec" : 0.0,
    "sentKBytesPerSec" : 0.0
  },
  "Get List of Zones" : {
    "transaction" : "Get List of Zones",
    "sampleCount" : 50,
    "errorCount" : 0,
    "errorPct" : 0.0,
    "meanResTime" : 4461.340000000001,
    "medianResTime" : 1486.5,
    "minResTime" : 294.0,
    "maxResTime" : 18071.0,
    "pct1ResTime" : 12173.6,
    "pct2ResTime" : 15993.949999999999,
    "pct3ResTime" : 18071.0,
    "throughput" : 0.14180776539323292,
    "receivedKBytesPerSec" : 7.349890940965428,
    "sentKBytesPerSec" : 0.15875822485039282
  },
  "Get the List of Default config for the Departments" : {
    "transaction" : "Get the List of Default config for the Departments",
    "sampleCount" : 50,
    "errorCount" : 0,
    "errorPct" : 0.0,
    "meanResTime" : 3189.74,
    "medianResTime" : 775.5,
    "minResTime" : 252.0,
    "maxResTime" : 18071.0,
    "pct1ResTime" : 11428.5,
    "pct2ResTime" : 14029.9,
    "pct3ResTime" : 18071.0,
    "throughput" : 0.13612146390467142,
    "receivedKBytesPerSec" : 0.23034303970118616,
    "sentKBytesPerSec" : 0.1459849527930763
  },