{
  "Get List of Containers" : {
    "transaction" : "Get List of Containers",
    "sampleCount" : 20,
    "errorCount" : 0,
    "errorPct" : 0.0,
    "meanResTime" : 6943.350000000001,
    "medianResTime" : 1886.5,
    "minResTime" : 368.0,
    "maxResTime" : 23852.0,
    "pct1ResTime" : 23205.900000000005,
    "pct2ResTime" : 23830.05,
    "pct3ResTime" : 23852.0,
    "throughput" : 0.1285776737727261,
    "receivedKBytesPerSec" : 0.32415009153123153,
    "sentKBytesPerSec" : 0.16660477191927894
  },
  "Get List of Department" : {
    "transaction" : "Get List of Department",
    "sampleCount" : 20,
    "errorCount" : 0,
    "errorPct" : 0.0,
    "meanResTime" : 1939.8000000000002,
    "medianResTime" : 1840.0,
    "minResTime" : 1128.0,
    "maxResTime" : 3754.0,
    "pct1ResTime" : 2514.8,
    "pct2ResTime" : 3692.249999999999,
    "pct3ResTime" : 3754.0,
    "throughput" : 0.14655020810129551,
    "receivedKBytesPerSec" : 2.1617944637911073,
    "sentKBytesPerSec" : 0.1586363068065244
  },
  "Get List of Alert Profiles" : {
    "transaction" : "Get List of Alert Profiles",
    "sampleCount" : 20,
    "errorCount" : 0,
    "errorPct" : 0.0,
    "meanResTime" : 1690.3,
    "medianResTime" : 1749.5,
    "minResTime" : 577.0,
    "maxResTime" : 2560.0,
    "pct1ResTime" : 2429.8,
    "pct2ResTime" : 2554.0499999999997,
    "pct3ResTime" : 2560.0,
    "throughput" : 0.13103497978785436,
    "receivedKBytesPerSec" : 0.4065411433457161,
    "sentKBytesPerSec" : 0.15161796465003832
  },
  "Get the List of Alerts" : {
    "transaction" : "Get the List of Alerts",
    "sampleCount" : 20,
    "errorCount" : 0,
    "errorPct" : 0.0,
    "meanResTime" : 9062.600000000002,
    "medianResTime" : 3371.0,
    "minResTime" : 965.0,
    "maxResTime" : 32472.0,
    "pct1ResTime" : 30885.500000000004,
    "pct2ResTime" : 32400.649999999998,
    "pct3ResTime" : 32472.0,
    "throughput" : 0.1282758443757456,
    "receivedKBytesPerSec" : 0.7503573183774389,
    "sentKBytesPerSec" : 0.16596313713008454
  },
  "Get List of Regions" : {
    "transaction" : "Get List of Regions",
    "sampleCount" : 20,
    "errorCount" : 0,
    "errorPct" : 0.0,
    "meanResTime" : 698.75,
    "medianResTime" : 709.0,
    "minResTime" : 205.0,
    "maxResTime" : 1129.0,
    "pct1ResTime" : 951.1,
    "pct2ResTime" : 1120.25,
    "pct3ResTime" : 1129.0,
    "throughput" : 0.13161098425274573,
    "receivedKBytesPerSec" : 0.5995818575080777,
    "sentKBytesPerSec" : 0.14195092925580569
  },
  "Search Rule" : {
    "transaction" : "Search Rule",
    "sampleCount" : 20,
    "errorCount" : 0,
    "errorPct" : 0.0,
    "meanResTime" : 594.4,
    "medianResTime" : 588.5,
    "minResTime" : 321.0,
    "maxResTime" : 1070.0,
    "pct1ResTime" : 806.7,
    "pct2ResTime" : 1056.85,
    "pct3ResTime" : 1070.0,
    "throughput" : 0.12787478501051772,
    "receivedKBytesPerSec" : 1.966855305285065,
    "sentKBytesPerSec" : 0.1365475426462408
  },
  "Get List of Cities" : {
    "transaction" : "Get List of Cities",
    "sampleCount" : 20,
    "errorCount" : 0,
    "errorPct" : 0.0,
    "meanResTime" : 1290.6999999999998,
    "medianResTime" : 1383.5,
    "minResTime" : 360.0,
    "maxResTime" : 2249.0,
    "pct1ResTime" : 1989.1000000000004,
    "pct2ResTime" : 2236.8999999999996,
    "pct3ResTime" : 2249.0,
    "throughput" : 0.12731717254023223,
    "receivedKBytesPerSec" : 0.9060345057388216,
    "sentKBytesPerSec" : 0.13707111022165921
  },
  "Get the List of Alerts For Map" : {
    "transaction" : "Get the List of Alerts For Map",
    "sampleCount" : 20,
    "errorCount" : 0,
    "errorPct" : 0.0,
    "meanResTime" : 12328.35,
    "medianResTime" : 4248.0,
    "minResTime" : 516.0,
    "maxResTime" : 46185.0,
    "pct1ResTime" : 44378.900000000016,
    "pct2ResTime" : 46133.45,
    "pct3ResTime" : 46185.0,
    "throughput" : 0.13021596317492562,
    "receivedKBytesPerSec" : 0.05811396012787207,
    "sentKBytesPerSec" : 0.1724153453815653
  },
  "Login" : {
    "transaction" : "Login",
    "sampleCount" : 20,
    "errorCount" : 0,
    "errorPct" : 0.0,
    "meanResTime" : 2979.75,
    "medianResTime" : 2929.0,
    "minResTime" : 1166.0,
    "maxResTime" : 4990.0,
    "pct1ResTime" : 4875.1,
    "pct2ResTime" : 4985.0,
    "pct3ResTime" : 4990.0,
    "throughput" : 4.00320256204964,
    "receivedKBytesPerSec" : 6.231547738190552,
    "sentKBytesPerSec" : 1.6380291733386707
  },
  "Search Users" : {
    "transaction" : "Search Users",
    "sampleCount" : 20,
    "errorCount" : 0,
    "errorPct" : 0.0,
    "meanResTime" : 1000.55,
    "medianResTime" : 1052.0,
    "minResTime" : 291.0,
    "maxResTime" : 1588.0,
    "pct1ResTime" : 1329.9,
    "pct2ResTime" : 1575.35,
    "pct3ResTime" : 1588.0,
    "throughput" : 0.13020324726898688,
    "receivedKBytesPerSec" : 2.2074091445809407,
    "sentKBytesPerSec" : 0.1385253200558572
  },
  "Search Zones for List For Map" : {
    "transaction" : "Search Zones for List For Map",
    "sampleCount" : 20,
    "errorCount" : 0,
    "errorPct" : 0.0,
    "meanResTime" : 24628.9,
    "medianResTime" : 29006.0,
    "minResTime" : 11624.0,
    "maxResTime" : 30564.0,
    "pct1ResTime" : 30516.8,
    "pct2ResTime" : 30563.05,
    "pct3ResTime" : 30564.0,
    "throughput" : 0.1287249790821909,
    "receivedKBytesPerSec" : 0.5057546602465083,
    "sentKBytesPerSec" : 0.13820964673038552
  },
  "Search Devices for List For Map" : {
    "transaction" : "Search Devices for List For Map",
    "sampleCount" : 20,
    "errorCount" : 0,
    "errorPct" : 0.0,
    "meanResTime" : 25931.85,
    "medianResTime" : 29717.0,
    "minResTime" : 10342.0,
    "maxResTime" : 36111.0,
    "pct1ResTime" : 35906.700000000004,
    "pct2ResTime" : 36109.3,
    "pct3ResTime" : 36111.0,
    "throughput" : 0.13114410113833078,
    "receivedKBytesPerSec" : 0.513114102744846,
    "sentKBytesPerSec" : 0.14080701366849396
  },
  "Get List of Devices" : {
    "transaction" : "Get List of Devices",
    "sampleCount" : 20,
    "errorCount" : 0,
    "errorPct" : 0.0,
    "meanResTime" : 7552.45,
    "medianResTime" : 2408.5,
    "minResTime" : 359.0,
    "maxResTime" : 24089.0,
    "pct1ResTime" : 21090.100000000002,
    "pct2ResTime" : 23943.149999999998,
    "pct3ResTime" : 24089.0,
    "throughput" : 0.14697452931406987,
    "receivedKBytesPerSec" : 0.5716361893546348,
    "sentKBytesPerSec" : 0.1819742744051206
  },
  "randomPageSize" : {
    "transaction" : "randomPageSize",
    "sampleCount" : 20,
    "errorCount" : 0,
    "errorPct" : 0.0,
    "meanResTime" : 1.55,
    "medianResTime" : 1.0,
    "minResTime" : 0.0,
    "maxResTime" : 12.0,
    "pct1ResTime" : 9.10000000000002,
    "pct2ResTime" : 11.899999999999999,
    "pct3ResTime" : 12.0,
    "throughput" : 5.894488653109343,
    "receivedKBytesPerSec" : 0.0,
    "sentKBytesPerSec" : 0.0
  },
  "Get the List of Default config for the Departments" : {
    "transaction" : "Get the List of Default config for the Departments",
    "sampleCount" : 20,
    "errorCount" : 0,
    "errorPct" : 0.0,
    "meanResTime" : 380.04999999999995,
    "medianResTime" : 388.5,
    "minResTime" : 190.0,
    "maxResTime" : 539.0,
    "pct1ResTime" : 517.1000000000001,
    "pct2ResTime" : 538.3,
    "pct3ResTime" : 539.0,
    "throughput" : 0.1277473668074017,
    "receivedKBytesPerSec" : 0.21617249726940005,
    "sentKBytesPerSec" : 0.1370040607694224
  },
  "Get List of Zones" : {
    "transaction" : "Get List of Zones",
    "sampleCount" : 20,
    "errorCount" : 0,
    "errorPct" : 0.0,
    "meanResTime" : 713.9499999999999,
    "medianResTime" : 574.5,
    "minResTime" : 285.0,
    "maxResTime" : 1450.0,
    "pct1ResTime" : 1275.6,
    "pct2ResTime" : 1441.3,
    "pct3ResTime" : 1450.0,
    "throughput" : 0.13080188093104778,
    "receivedKBytesPerSec" : 6.78063410708096,
    "sentKBytesPerSec" : 0.1464367932610871
  },
  "Search Containers for List For Map" : {
    "transaction" : "Search Containers for List For Map",
    "sampleCount" : 20,