{
  "Get List of Containers" : {
    "transaction" : "Get List of Containers",
    "sampleCount" : 100,
    "errorCount" : 42,
    "errorPct" : 42.0,
    "meanResTime" : 39952.589999999975,
    "medianResTime" : 42446.0,
    "minResTime" : 683.0,
    "maxResTime" : 60427.0,
    "pct1ResTime" : 60356.0,
    "pct2ResTime" : 60367.9,
    "pct3ResTime" : 60426.94,
    "throughput" : 0.13571448928601965,
    "receivedKBytesPerSec" : 0.12840658211880174,
    "sentKBytesPerSec" : 0.17584966388610296
  },
  "Get List of Alert Profiles" : {
    "transaction" : "Get List of Alert Profiles",
    "sampleCount" : 100,
    "errorCount" : 16,
    "errorPct" : 16.0,
    "meanResTime" : 29362.929999999993,
    "medianResTime" : 27899.0,
    "minResTime" : 1705.0,
    "maxResTime" : 60374.0,
    "pct1ResTime" : 60167.8,
    "pct2ResTime" : 60335.95,
    "pct3ResTime" : 60373.94,
    "throughput" : 0.13477470386628193,
    "receivedKBytesPerSec" : 0.17468328365762373,
    "sentKBytesPerSec" : 0.15594249256043632
  },
  "Get List of Department" : {
    "transaction" : "Get List of Department",
    "sampleCount" : 100,
    "errorCount" : 89,
    "errorPct" : 89.0,
    "meanResTime" : 56212.33999999999,
    "medianResTime" : 60245.0,
    "minResTime" : 1843.0,
    "maxResTime" : 60420.0,
    "pct1ResTime" : 60359.8,
    "pct2ResTime" : 60371.95,
    "pct3ResTime" : 60419.8,
    "throughput" : 0.1363650000136365,
    "receivedKBytesPerSec" : 0.21801088039289482,
    "sentKBytesPerSec" : 0.1476084540674952
  },
  "Get the List of Alerts" : {
    "transaction" : "Get the List of Alerts",
    "sampleCount" : 100,
    "errorCount" : 26,
    "errorPct" : 26.0,
    "meanResTime" : 34883.29999999999,
    "medianResTime" : 34834.5,
    "minResTime" : 3516.0,
    "maxResTime" : 60368.0,
    "pct1ResTime" : 60314.9,
    "pct2ResTime" : 60343.8,
    "pct3ResTime" : 60367.95,
    "throughput" : 0.1327332022814183,
    "receivedKBytesPerSec" : 0.4597494445115485,
    "sentKBytesPerSec" : 0.1717274691196205
  },
  "Get List of Regions" : {
    "transaction" : "Get List of Regions",
    "sampleCount" : 100,
    "errorCount" : 69,
    "errorPct" : 69.0,
    "meanResTime" : 49762.530000000006,
    "medianResTime" : 60167.5,
    "minResTime" : 302.0,
    "maxResTime" : 60645.0,
    "pct1ResTime" : 60362.8,
    "pct2ResTime" : 60425.3,
    "pct3ResTime" : 60643.31,
    "throughput" : 0.13667120870650268,
    "receivedKBytesPerSec" : 0.14261186837400897,
    "sentKBytesPerSec" : 0.14740603811691674
  },
  "Get the List of Alerts For Map" : {
    "transaction" : "Get the List of Alerts For Map",
    "sampleCount" : 100,
    "errorCount" : 34,
    "errorPct" : 34.0,
    "meanResTime" : 36299.420000000006,
    "medianResTime" : 35689.5,
    "minResTime" : 851.0,
    "maxResTime" : 60599.0,
    "pct1ResTime" : 60335.9,
    "pct2ResTime" : 60354.75,
    "pct3ResTime" : 60596.729999999996,
    "throughput" : 0.13325107300426536,
    "receivedKBytesPerSec" : 0.052168315593173815,
    "sentKBytesPerSec" : 0.1764314475697003
  },
  "Search Rule" : {
    "transaction" : "Search Rule",
    "sampleCount" : 100,
    "errorCount" : 5,
    "errorPct" : 5.0,
    "meanResTime" : 27307.8,
    "medianResTime" : 26592.0,
    "minResTime" : 383.0,
    "maxResTime" : 60355.0,
    "pct1ResTime" : 54609.200000000004,
    "pct2ResTime" : 60039.59999999998,
    "pct3ResTime" : 60354.77,
    "throughput" : 0.13374473212936325,
    "receivedKBytesPerSec" : 2.0062336747836347,
    "sentKBytesPerSec" : 0.142812990675986
  },
  "Get List of Cities" : {
    "transaction" : "Get List of Cities",
    "sampleCount" : 100,
    "errorCount" : 68,
    "errorPct" : 68.0,
    "meanResTime" : 49336.759999999995,
    "medianResTime" : 60165.0,
    "minResTime" : 1212.0,
    "maxResTime" : 60612.0,
    "pct1ResTime" : 60358.9,
    "pct2ResTime" : 60380.85,
    "pct3ResTime" : 60610.11,
    "throughput" : 0.1367220345332515,
    "receivedKBytesPerSec" : 0.19846057825217286,
    "sentKBytesPerSec" : 0.147193820830559
  },
  "Login" : {
    "transaction" : "Login",
    "sampleCount" : 100,
    "errorCount" : 0,
    "errorPct" : 0.0,
    "meanResTime" : 8518.730000000001,
    "medianResTime" : 8447.0,
    "minResTime" : 4987.0,
    "maxResTime" : 12011.0,
    "pct1ResTime" : 10703.3,
    "pct2ResTime" : 11124.05,
    "pct3ResTime" : 12007.369999999999,
    "throughput" : 7.816774798718049,
    "receivedKBytesPerSec" : 12.167909208160713,
    "sentKBytesPerSec" : 3.198465469397327
  },
  "Search Users" : {
    "transaction" : "Search Users",
    "sampleCount" : 100,
    "errorCount" : 76,
    "errorPct" : 76.0,
    "meanResTime" : 51964.99000000001,
    "medianResTime" : 60168.0,
    "minResTime" : 1641.0,
    "maxResTime" : 60525.0,
    "pct1ResTime" : 60366.8,
    "pct2ResTime" : 60385.55,
    "pct3ResTime" : 60524.63,
    "throughput" : 0.13786752034235264,
    "receivedKBytesPerSec" : 0.5763858658562814,
    "sentKBytesPerSec" : 0.14667677020172776
  },
  "Search Devices for List For Map" : {
    "transaction" : "Search Devices for List For Map",
    "sampleCount" : 100,
    "errorCount" : 66,
    "errorPct" : 66.0,
    "meanResTime" : 57190.229999999996,
    "medianResTime" : 60161.5,
    "minResTime" : 8536.0,
    "maxResTime" : 60617.0,
    "pct1ResTime" : 60354.9,
    "pct2ResTime" : 60367.95,
    "pct3ResTime" : 60614.64,
    "throughput" : 0.1329978241555968,
    "receivedKBytesPerSec" : 0.1946807603352609,
    "sentKBytesPerSec" : 0.1427947244251834
  },
  "Search Zones for List For Map" : {
    "transaction" : "Search Zones for List For Map",
    "sampleCount" : 100,
    "errorCount" : 74,
    "errorPct" : 74.0,
    "meanResTime" : 57325.80999999999,
    "medianResTime" : 60168.0,
    "minResTime" : 18455.0,
    "maxResTime" : 60441.0,
    "pct1ResTime" : 60357.0,
    "pct2ResTime" : 60369.75,
    "pct3ResTime" : 60440.43,
    "throughput" : 0.1332118441314854,
    "receivedKBytesPerSec" : 0.16509032304205232,
    "sentKBytesPerSec" : 0.14302450956394436
  },
  "Get List of Devices" : {
    "transaction" : "Get List of Devices",
    "sampleCount" : 100,
    "errorCount" : 37,
    "errorPct" : 37.0,
    "meanResTime" : 36870.819999999985,
    "medianResTime" : 40753.0,
    "minResTime" : 229.0,
    "maxResTime" : 60383.0,
    "pct1ResTime" : 60348.3,
    "pct2ResTime" : 60357.9,
    "pct3ResTime" : 60382.82,
    "throughput" : 0.14109646059528597,
    "receivedKBytesPerSec" : 0.23694835693171637,
    "sentKBytesPerSec" : 0.17469367737941544
  },
  "randomPageSize" : {
    "transaction" : "randomPageSize",
    "sampleCount" : 100,
    "errorCount" : 0,
    "errorPct" : 0.0,
    "meanResTime" : 0.3199999999999999,
    "medianResTime" : 0.0,
    "minResTime" : 0.0,
    "maxResTime" : 11.0,
    "pct1ResTime" : 1.0,
    "pct2ResTime" : 1.0,
    "pct3ResTime" : 10.899999999999949,
    "throughput" : 12.82051282051282,
    "receivedKBytesPerSec" : 0.0,
    "sentKBytesPerSec" : 0.0
  },
  "Get the List of Default config for the Departments" : {
    "transaction" : "Get the List of Default config for the Departments",
    "sampleCount" : 100,
    "errorCount" : 0,
    "errorPct" : 0.0,
    "meanResTime" : 18644.17,
    "medianResTime" : 19671.0,
    "minResTime" : 403.0,
    "maxResTime" : 45349.0,
    "pct1ResTime" : 37426.3,
    "pct2ResTime" : 38925.2,
    "pct3ResTime" : 45312.36999999998,
    "throughput" : 0.13694540534470528,
    "receivedKBytesPerSec" : 0.23173730310674348,
    "sentKBytesPerSec" : 0.14686859780230013
  },
  "Get List of Zones" : {
    "transaction" : "Get List of Zones",
    "sampleCount" : 100,
    "errorCount" : 0,
    "errorPct" : 0.0,
    "meanResTime" : 16997.690000000002,
    "medianResTime" : 14700.5,
    "minResTime" : 655.0,
    "maxResTime" : 45698.0,
    "pct1ResTime" : 36374.8,
    "pct2ResTime" : 38667.6,
    "pct3ResTime" : 45670.72999999999,
    "throughput" : 0.1338209769734245,
    "receivedKBytesPerSec" : 6.935843223121721,
    "sentKBytesPerSec" : 0.14981676562727914
  },